id,name,contact_person,email,phone,address
1,"Maxwell, Garcia and Johnson","Jacob Lowe",fisherthomas@example.net,(639)475-1574x20468,"45629 Jones Estate Apt. 321
North Debbie, SD 72530"
2,"Price Group","Stacy Green",judy62@example.net,+1-528-997-7196x28387,"761 Jamie Passage Suite 387
Christinastad, TN 71536"
3,"Pennington Inc","Elizabeth Carlson",bryan05@example.org,713.857.6834,"99298 Christian Views
West Julieport, VT 57887"
4,"Johnson, Gonzalez and James","Lindsey Smith",kevin58@example.org,454.948.7160x860,"546 Garner Point Apt. 587
Tylerfurt, CA 79130"
5,"Nguyen PLC","Mark Hunt",benjaminturner@example.net,601.953.6270x870,"45392 Conner Overpass Apt. 994
West Michael, IA 53028"
6,"Lester, Terrell and Thomas","Andrea Barajas",marcuscampbell@example.com,7125737133,"55156 Jessica Fords
New Christophertown, IL 95988"
7,Rosario-Willis,"Susan Bell",davidrosario@example.com,(489)286-2380x274,"0799 James Squares Apt. 609
East Ryanside, WI 29916"
8,"Strong Group","Melissa Kline",riveralauren@example.net,234-427-7959,"4044 Clay Well Apt. 440
Lake Stephenborough, MS 43443"
9,"Arnold, Bartlett and Mcgee","James Cummings",lewisdylan@example.com,+1-588-894-5715x72220,"691 Gloria Parkway Apt. 320
South Amandaburgh, GU 59370"
10,"Hodges, Schmidt and Weeks","Tyler Sanders",lauramoore@example.org,+1-802-944-2592x56389,"08679 John Spur Apt. 560
East Derekburgh, TX 36256"
11,Nichols-Green,"Cody Luna",omcbride@example.com,001-609-611-5671,"09259 Luna Prairie Suite 851
Davidchester, DC 69423"
12,Reid-Gonzalez,"Chelsey Moses",yorkpedro@example.net,001-906-922-6790,"1946 Catherine Way
South Mark, WV 56274"
13,"Bell Inc","Michelle Reynolds",rhondaellis@example.org,(534)365-5974x16380,"820 Courtney Parkways Suite 614
Davidberg, NY 27920"
14,"Torres LLC","Daniel Mora",blakejulie@example.net,8466079168,"USNS Jimenez
FPO AP 36028"
15,"Wade, Bell and Jones","Elizabeth Anderson",patrick10@example.com,6606726531,"179 Cox Club Apt. 407
South Michaelside, OK 64423"
16,"Summers Ltd","Rebecca Strickland",rothrichard@example.net,653-373-1926x584,"309 Vincent River Suite 618
Lake Walterland, UT 51671"
17,"Gallegos, Murphy and Barker","Nathan Rhodes",joel71@example.com,001-698-644-4343x368,"9974 Emily Mission Apt. 006
Shellystad, IL 49900"
18,"Williams Ltd","Benjamin Johnson",arthur37@example.org,(980)486-7069,"806 Nicole Motorway
West Jaredhaven, WA 01366"
19,"Thompson Inc","Nathan Young",wandaharris@example.net,234-228-9250x009,"15019 Moore Flat
Lake Barbaraview, IN 83263"
20,"Wood, Jacobs and Coleman","Linda Little",jensenbryan@example.org,5075770664,"659 Michael Corner
Lisaton, AK 51590"
21,"Alvarez, Wiggins and Sandoval","Megan Parker",carrie95@example.com,(312)413-6480,"42848 Short Harbors
New Tina, WY 96056"
22,"Gibson, Goodman and Nichols","Pamela Crawford",vhill@example.org,+1-477-611-3871x41782,"202 Gilmore Skyway Apt. 900
East Jonathanmouth, NV 90822"
23,"Jones Group","George Martin",teresa29@example.net,001-422-489-3198x235,"20210 Stewart Vista Apt. 674
East Chadshire, WV 68997"
24,"Martinez Group","Chase Dominguez",steven65@example.com,3172528547,"Unit 0887 Box 4738
DPO AP 69991"
25,"Stewart Inc","John Cox II",holly56@example.com,(651)365-1039x361,"246 Williams Canyon
Katelynborough, WI 55004"
26,Jenkins-Mendez,"Johnny Montgomery",mccoykyle@example.com,(628)668-8579x057,"223 Thompson Falls
Harrisburgh, AL 96230"
27,"Reyes, Anderson and Moyer","Christy Tanner",marcia53@example.com,+1-954-223-6404x65432,"PSC 7633, Box 0557
APO AA 04846"
28,"Rivas Inc","David Garcia",edwardsemma@example.com,+1-211-516-4968,"0468 Quinn Bypass Suite 500
Larryfurt, AZ 01507"
29,"Hall Group","Paula Lopez",brian65@example.net,4054443550,"9863 Black Plains
Perrychester, NH 14600"
30,"Patton Inc","Linda Underwood",julie05@example.org,267-614-8671,"89834 Ward Station Apt. 642
Solishaven, PR 86337"
31,Mcguire-Rivera,"James Williams",taylortimothy@example.org,(868)332-8616x10561,"88873 Gentry Mountain
North Ross, OR 18522"
32,"Castro LLC","Mark Drake",kathryn28@example.org,250-676-5481,"Unit 1012 Box 6267
DPO AE 12835"
33,"Holmes, Mcgrath and Taylor","Jose Mcknight",heatherroberson@example.net,001-473-961-8752x494,"2008 Delgado Center Suite 807
West Natasha, AZ 67484"
34,Davis-Jordan,"Charles Sawyer",qmcmahon@example.net,7746684789,"6999 Kathryn Tunnel Apt. 872
East Michael, KS 94893"
35,"Miller and Sons","Jo Mcdonald",andre58@example.org,+1-611-419-7448x1861,"48020 Brown Stravenue
Jennifertown, WI 26687"
36,"Gilbert, Morris and Carr","Earl Wall",christopher63@example.com,001-578-306-2363x6304,"231 Mendez Springs Apt. 499
East Joshua, FM 48012"
37,"Johnson, Turner and Bass","Michael Diaz",pateljennifer@example.com,001-864-316-5002,"7873 Craig Cliff Suite 092
North Tyrone, NE 68101"
38,"Reid Group","Donna Murphy",jamestucker@example.org,357-256-4020x7072,"65173 April Trace Suite 682
Schmidtberg, NE 25780"
39,"Allen, Drake and Cooper","Christine Mills",kingmark@example.org,(777)910-9383x51443,"Unit 4444 Box 7114
DPO AE 94617"
40,"Barnes PLC","Joseph Petersen",osimmons@example.org,359.311.9108,"5037 Clark Fork
Pamelaport, NH 11348"
41,Cook-Pena,"Dr. Samantha Ferguson",paige76@example.com,(610)680-7519,"0890 Richard Pass Suite 067
West Craigview, CA 33821"
42,Boone-Adams,"Ashley Hernandez",aguirremike@example.com,+1-669-958-1169,"638 Amy Crescent
South Michaelaport, MH 38971"
43,"Benton, Kramer and Daniels","Sean Russell",fletcherdebbie@example.net,6333894124,"USNS Cox
FPO AE 50155"
44,"Bernard, Wade and Rodgers","Larry Garcia",terri92@example.com,8262805011,"28458 Mcdonald Motorway Suite 616
Kimberlystad, AR 00712"
45,"Horton, Johnston and Briggs","Kimberly Martin",pdickson@example.net,(621)266-0084x46767,"1504 Neal Landing
Port Brittanychester, MP 23045"
46,"Pruitt, Ball and King","Johnny Butler",patellisa@example.org,736-643-2259,"695 Young Light
Jacobland, VI 24348"
47,"Walter, Vargas and Snyder","Donald Wall",susan41@example.org,(852)640-2178x285,"276 Danielle Valleys Apt. 495
Lake Bradleymouth, CA 51069"
48,"Stewart, Glover and Salinas","Carl Newman",mnguyen@example.net,678-320-7109x92411,"052 Peters Mission
Mezatown, HI 82031"
49,Schmidt-Odom,"Robert Moore",adamsjoel@example.com,001-436-516-1565x2626,"2274 Kimberly Motorway Suite 881
Port Chad, CA 45921"
50,"Miller, Morrison and Hansen","Ashley Nelson",holly25@example.org,001-829-662-7111,"1202 Lee Fork
South Cody, AZ 20282"
